{
  "predictions": {
    "simple_average": 82.27043645048788,
    "weighted_average": 82.42147102440919,
    "sentiment_adjusted": 81.18514895904305,
    "volatility_weighted": 82.296848871461,
    "trend_following": 82.20848633660552,
    "meta_ensemble": 82.08535067814604
  },
  "percentage_changes": {
    "simple_avg": 0.04917073075964454,
    "weighted_avg": 0.2328440467702449,
    "sentiment_adjusted": -1.2706486139313098,
    "volatility_weighted": 0.08129090575035781,
    "trend_following": -0.02616687273461243,
    "meta_ensemble": -0.17591228612707366
  },
  "weights_used": {
    "normalized_weights": {
      "arimax": 0.1132075471698113,
      "xgboost": 0.28301886792452824,
      "rf": 0.22641509433962265,
      "lstm": 0.1509433962264151,
      "llm": 0.22641509433962265
    },
    "volatility_weights": {
      "arimax": 0.3926564972207621,
      "xgboost": 0.08738639424692153,
      "rf": 0.23854559660004698,
      "lstm": 0.08821367603815997,
      "llm": 0.19319783589410933
    },
    "trend_weights": {
      "arimax": 0.1764705882352941,
      "xgboost": 0.19607843137254902,
      "rf": 0.15686274509803924,
      "lstm": 0.23529411764705882,
      "llm": 0.23529411764705882
    },
    "meta_weights": {
      "simple": 0.1,
      "weighted": 0.25,
      "sentiment": 0.2,
      "volatility": 0.25,
      "trend": 0.2
    }
  },
  "metadata": {
    "current_price": 82.2300033569336,
    "current_sentiment": -0.75,
    "recent_sentiment_avg": -0.296,
    "recent_volatility": 0.007810833139206969,
    "recent_trend": -0.0021680562910714627
  },
  "model_info": {
    "created_date": "2025-06-20 19:25:42",
    "sentiment_weight_boost": 1.5,
    "individual_predictions": {
      "arimax": 82.2040508858499,
      "xgboost": 83.2262346595262,
      "random_forest": 82.63219047144733,
      "lstm": 81.08565534976609,
      "llm": 82.2040508858499
    }
  }
}