Model,Prediction,Percentage_Change
ARIMAX,82.2040508858499,-0.03156082941046137
XGBoost,83.2262346595262,1.2115180127967287
Random Forest,82.63219047144733,0.48910020442048857
LSTM,82.97538038136405,0.906453841665329
LLM,82.2040508858499,-0.03156082941046137
ENSEMBLE,82.37576611526433,0.17726225511389593
Current_Price,82.2300033569336,0.0
