{
  "predictions": {
    "simple_average": 82.64838145680747,
    "weighted_average": 82.70671253861266,
    "sentiment_adjusted": 81.46611185053347,
    "volatility_weighted": 82.46354846319957,
    "trend_following": 82.62570174511917,
    "meta_ensemble": 82.37576611526433
  },
  "percentage_changes": {
    "simple_avg": 0.5087900800123212,
    "weighted_avg": 0.5797265745081278,
    "sentiment_adjusted": -0.9289693241095036,
    "volatility_weighted": 0.2840144676295774,
    "trend_following": 0.48120925700073436,
    "meta_ensemble": 0.17726225511389593
  },
  "weights_used": {
    "normalized_weights": {
      "arimax": 0.1132075471698113,
      "xgboost": 0.28301886792452824,
      "rf": 0.22641509433962265,
      "lstm": 0.1509433962264151,
      "llm": 0.22641509433962265
    },
    "volatility_weights": {
      "arimax": 0.3926564972207621,
      "xgboost": 0.08738639424692153,
      "rf": 0.23854559660004698,
      "lstm": 0.08821367603815997,
      "llm": 0.19319783589410933
    },
    "trend_weights": {
      "arimax": 0.19148936170212763,
      "xgboost": 0.2127659574468085,
      "rf": 0.17021276595744683,
      "lstm": 0.17021276595744683,
      "llm": 0.2553191489361702
    },
    "meta_weights": {
      "simple": 0.1,
      "weighted": 0.25,
      "sentiment": 0.2,
      "volatility": 0.25,
      "trend": 0.2
    }
  },
  "metadata": {
    "current_price": 82.2300033569336,
    "current_sentiment": -0.75,
    "recent_sentiment_avg": -0.296,
    "recent_volatility": 0.007810833139206969,
    "recent_trend": -0.0021680562910714627
  },
  "model_info": {
    "created_date": "2025-06-20 16:17:00",
    "sentiment_weight_boost": 1.5,
    "individual_predictions": {
      "arimax": 82.2040508858499,
      "xgboost": 83.2262346595262,
      "random_forest": 82.63219047144733,
      "lstm": 82.97538038136405,
      "llm": 82.2040508858499
    }
  }
}