Model,Prediction,Percentage_Change
ARIMAX,82.2040508858499,-0.03156082941046137
XGBoost,83.2262346595262,1.2115180127967287
Random Forest,82.63219047144733,0.48910020442048857
LSTM,82.730478626152,0.6086285404197456
LLM,82.2040508858499,-0.03156082941046137
ENSEMBLE,82.34060614081267,0.13450417045343313
Current_Price,82.2300033569336,0.0
