Model,Prediction,Percentage_Change
ARIMAX,82.2040508858499,-0.03156082941046137
XGBoost,83.2262346595262,1.2115180127967287
Random Forest,82.63219047144733,0.48910020442048857
LSTM,81.08565534976609,-1.3916429045980543
LLM,82.2040508858499,-0.03156082941046137
ENSEMBLE,82.08535067814604,-0.17591228612707366
Current_Price,82.2300033569336,0.0
